{
  "postalCodes": {
    "1540001": {
      "prefecture": "東京都",
      "city": "世田谷区",
      "town": "池尻"
    },
    "1540002": {
      "prefecture": "東京都",
      "city": "世田谷区",
      "town": "下馬"
    },
    "1540003": {
      "prefecture": "東京都",
      "city": "世田谷区",
      "town": "野沢"
    },
    "1540004": {
      "prefecture": "東京都",
      "city": "世田谷区",
      "town": "太子堂"
    },
    "1540005": {
      "prefecture": "東京都",
      "city": "世田谷区",
      "town": "三宿"
    },
    "1540011": {
      "prefecture": "東京都",
      "city": "世田谷区",
      "town": "上馬"
    },
    "1540012": {
      "prefecture": "東京都",
      "city": "世田谷区",
      "town": "駒沢"
    },
    "1540014": {
      "prefecture": "東京都",
      "city": "世田谷区",
      "town": "新町"
    },
    "1540015": {
      "prefecture": "東京都",
      "city": "世田谷区",
      "town": "桜新町"
    },
    "1540024": {
      "prefecture": "東京都",
      "city": "世田谷区",
      "town": "三軒茶屋"
    },
    "2250002": {
      "prefecture": "神奈川県",
      "city": "横浜市青葉区",
      "town": "美しが丘"
    },
    "2250011": {
      "prefecture": "神奈川県",
      "city": "横浜市青葉区",
      "town": "あざみ野"
    },
    "2250012": {
      "prefecture": "神奈川県",
      "city": "横浜市青葉区",
      "town": "あざみ野南"
    },
    "2250021": {
      "prefecture": "神奈川県",
      "city": "横浜市青葉区",
      "town": "すすき野"
    },
    "2250023": {
      "prefecture": "神奈川県",
      "city": "横浜市青葉区",
      "town": "大場町"
    },
    "8100001": {
      "prefecture": "福岡県",
      "city": "福岡市中央区",
      "town": "天神"
    },
    "8100002": {
      "prefecture": "福岡県",
      "city": "福岡市中央区",
      "town": "西中洲"
    },
    "8100021": {
      "prefecture": "福岡県",
      "city": "福岡市中央区",
      "town": "今泉"
    },
    "8100022": {
      "prefecture": "福岡県",
      "city": "福岡市中央区",
      "town": "薬院"
    },
    "8100041": {
      "prefecture": "福岡県",
      "city": "福岡市中央区",
      "town": "大名"
    }
  }
}
